{"cameraMode":{"drawMode":0,"name":"Shaded","section":"Shading Mode"},"sceneLighting":true,"audioPlay":false,"sceneViewState":{"showFog":true,"showMaterialUpdate":false,"showSkybox":true,"showFlares":true,"showImageEffects":true,"showParticleSystems":true},"in2DMode":false,"pivot":{"x":1.6582989692687989,"y":0.16773104667663575,"z":-49440.109375},"rotation":{"x":-0.0041589816100895409,"y":0.9955955147743225,"z":-0.05321211367845535,"w":-0.07751709222793579},"size":200.32188415527345,"orthographic":false}